,cor_name,title
0,대성하이텍,쏘카·대성하이텍 상장 첫날 180도 다른 성적표
1,대성하이텍,"일반청약 흥행 이어갈까… 대성하이텍, 22일 코스닥시장 입성"
2,대성하이텍,다음 주 IPO는? 쏘카·대성하이텍 22일 상장
3,대성하이텍,"새내기도 '태조이방원'…대성하이텍, 코스닥 데뷔전서 웃었다"
4,대성하이텍,"대성하이텍, 코스닥시장 연착륙…`2차전지주` 흥행 이어갈까"
5,대성하이텍,"쏘카, 상장 첫날 공모가 하회…‘1조 원 클럽’ 입성도 실패"
6,대성하이텍,[주간IPO] 쏘카·대성하이텍 신규상장
7,대성하이텍,"[돌격! 종목 맞수] 대성하이텍은 되고 쏘카는 안 되고…엇갈린 IPO 반응, 이유..."
8,대성하이텍,"[22일 특징주] 사료주, 곡물 수입 가격 3분기 고점 전망에 '동반 상승'…쏘카..."
9,대성하이텍,㈜대성하이텍 코스닥 상장 예정…2018년 이후 첫 지역기업 상장
0,대성하이텍,"쏘카 공모주ㆍ대성하이텍 공모주 일정, 8월의 공모주 시장 뜨거울까"
1,대성하이텍,"[IPO] 대성하이텍, 이달 상장...""글로벌 초정밀 스마트 머시닝 기업 도약"""
2,대성하이텍,[8월 공모주] 대성하이텍 수요예측 결과는? 공모가·상장일·주관사
3,대성하이텍,"정밀부품 제조업체 대성하이텍, 이달 22일 코스닥 입성"
4,대성하이텍,"2차전지 출사표, 이번엔 '대성하이텍'"
5,대성하이텍,"다음주 공모주 시장 쏘카 대성하이텍 동시 출격, 기대와 우려 교차"
6,대성하이텍,"[더벨][IPO 모니터]대성하이텍, 공모가밴드 최상단 뚫었다"
7,대성하이텍,[8월6일자] 비즈니스포스트 아침의 주요기사
8,대성하이텍,<메트로신문 8월 5일자 한줄뉴스>
9,대성하이텍,[Re워치뉴스] 증시 침체 속 기업공개(IPO) 동상이몽
0,대성하이텍,"'차량공유 1위' 쏘카, '정밀기계부품 강자' 대성하이텍 일반청약"
1,대성하이텍,"하반기 IPO '가늠자' 쏘카, 수요예측 결과는? 이번주 공모청약"
2,대성하이텍,[공시줍줍]공모주달력 8월 8~12일
3,대성하이텍,"[DD주간브리핑] 美中 갈등 심화, 韓 경제 ‘노심초사’…윤 대통령, 이재용 부..."
4,대성하이텍,[이번 주 IPO] 8월 둘째 주 수요예측·청약 일정
5,대성하이텍,"[증시캘린더]이번주(8월2주)에이치와티씨 상장, 쏘카 공모 등"
6,대성하이텍,"출격하는 쏘카, 공모주 투심 되살릴까"
0,대성하이텍,"22일 코스닥 상장 대성하이텍, 공모가 최상단 9000원 확정"
1,대성하이텍,"이번주 공모주 청약, 쏘카·대성하이텍 등 2개사"
2,대성하이텍,[주린이의 공모주] 쏘카·대성하이텍 출격…투자자 선택은?
3,대성하이텍,"[증권소식] 메리츠증권, 상반기 순이익 4408억원...전년비 9.7%↑/대성하이텍..."
4,대성하이텍,[8월 둘째 주 공모주 일정] 대성하이텍·쏘카까지... 8월 둘째 주 공모주 한눈...
5,대성하이텍,"[더벨][IPO 모니터]대성하이텍, 공모자금으로 재무구조 개선 노린다"
6,대성하이텍,[이번주 증시 캘린더] 코스피 대어 쏘카 공모 청약…에이치와이티씨 신규상장
7,대성하이텍,오늘의 증시 일정 (8월 9일)
8,대성하이텍,"[박소현의 이슈 PICK UP] 네이버, 증권사 목표주가 하향에 부진. 네카오 상승..."
9,대성하이텍,오늘의 증시 메모[8월 9일]
0,대성하이텍,"대성하이텍, 일반청약 시작… '소부장' 흥행 타고 신바람"
1,대성하이텍,"[장외시황] 대성하이텍, 공모주 청약 시작…쏘카 상장 앞두고 6.98%↓"
2,대성하이텍,시장 한파에…성장기업 'IPO 자금조달' 급감
3,대성하이텍,[공시줍줍]지주회사 주식 추가 매각한 SK 최재원 수석부회장
4,대성하이텍,"쏘카, 공모가 2.8만 원 확정…시총 9000억대로 [시그널]"
5,대성하이텍,"수요예측 흥행 참패 쏘카, 하반기 공모주 시장에 '찬바람'"
6,대성하이텍,오늘의 증시 일정 (8월 10일)
7,대성하이텍,"쏘카, 공모가 2.8만 원 확정…시총 9000억대로 [시그널]"
8,대성하이텍,"(종합) 신한플레이, 8월 9일 자 '오늘의 OX퀴즈'와 '쏠퀴즈', '위드퀴즈'의 정..."
9,대성하이텍,오늘의 증시 메모[8월 10일]
0,대성하이텍,"대성하이텍, 일반 청약증거금 4조원…쏘카, 첫날 경쟁률 3대1(종합)"
1,대성하이텍,공모청약에서도 인기 못 얻은 쏘카…첫날 청약증거금 고작 400억원
2,대성하이텍,"[더벨]신금투, 주관계약 '10년차' 대성하이텍 결실맺었다"
3,대성하이텍,"[증권소식] 한양증권, 일자리 으뜸기업 선정/한투운용 ""친환경 자동차 ETF 1개..."
4,대성하이텍,유니콘 지고 ‘소부장’ 뜨고… 기업공개 달라졌다
5,대성하이텍,"수요 예측서 ‘흥행 실패’ 쏘카, 청약 첫날 경쟁률 3.3대 1 ‘선방’"
6,대성하이텍,"쏘카, 일반청약 첫날 참패…증거금 400억 그쳐"
7,대성하이텍,"[Invest]공모는 적게, IR은 오너가 직접...얼어붙은 IPO 시장에 몸 낮추는 기..."
8,대성하이텍,"(종합) 신한플레이, 8월 10일 자 '오늘의 OX퀴즈'와 '쏠퀴즈', '위드퀴즈'의 ..."
9,대성하이텍,쏘카 수요예측 경쟁률 허수 논란···거래실적無 해외기관 주문이 '절반'
0,대성하이텍,"대성하이텍, 수요예측 이어 일반청약도 '흥행'… 코스닥 입성 청신호"
1,대성하이텍,쏘카 청약 증거금 1834억 그쳐…경쟁률 14대1 수준(종합)
2,대성하이텍,"'대성하이텍만도 못한' 쏘카 청약, 마켓컬리 상장은? [사자경제]"
3,대성하이텍,소부장 뜨고 유니콘 추락...고민 깊어지는 케이뱅크·컬리
4,대성하이텍,"쏘카, 일반 청약서도 부진...경쟁률 14대 1"
5,대성하이텍,'10주 청약' 사라지나···미래에셋·KB증권도 최소 20주로 상향
6,대성하이텍,"(영상)쏘카, 몸값 낮췄지만…일반청약도 흥행 참패"
7,대성하이텍,형보다 나은 아우… 코스닥 ETF 수익률 '짭짤'
8,대성하이텍,"[Invest]쏘카, 일반청약 결과도 부진…경쟁률 약 14대 1"
9,대성하이텍,"쏘카, 일반 공모청약도 흥행 실패…증거금 규모 1843억원 그쳐"
0,쏘카,"몸값 낮춘 쏘카, 코스피 입성 첫날 약세…공모가 밑돌아"
1,쏘카,몸값도 낮췄지만… 쏘카 상장 첫날 6% 넘게 하락
2,쏘카,"[특징주]쏘카, 상장 첫날 약보합…공모가 하회"
3,쏘카,"쏘카, 상장 첫날 공모가 하회…‘1조 원 클럽’ 입성도 실패"
4,쏘카,"쏘카, 코스피 첫 거래서 공모가 하회…시총 1조 실패"
5,쏘카,'고평가 논란' 쏘카 결국 상장 첫날 6% 하락
6,쏘카,몸값 낮춘 쏘카 오늘 상장…시총 1조 '글쎄'
7,쏘카,"'코스피 입성' 쏘카, 부진한 IPO 성적 극복할까… 증권가 전망은?"
8,쏘카,"IPO 강행한 쏘카, 코스피 입성 첫날 공모가 소폭 하회"
9,쏘카,쏘카 코스피 데뷔
0,쏘카,"쏘카 공모가, 이게 맞아? [서지혜의 SML]"
1,쏘카,"[단독]쏘카, 우리사주 청약률 고작 17%…수요예측도 흥행 실패 '고평가 논란'"
2,쏘카,"[급등주] 캠시스, 쏘카 코스닥 입성 기대감에 주가 상승"
3,쏘카,"패기있게 출사표 던진 '쏘카', 회복하는 투심…향방은?"
4,쏘카,"다음주 공모주 시장 쏘카 대성하이텍 동시 출격, 기대와 우려 교차"
5,쏘카,줄잇는 IPO 철회에도 강행하는 쏘카·컬리·케이뱅크 훈풍 불까
6,쏘카,"[더벨][IPO 모니터]쏘카, 수요예측 '저조'…""밴드하단 방어 어려울듯"""
7,쏘카,"[ET라씨로] 캠시스, '자회사 CRRC와 MOU · 쏘카 코스닥 입성'에 주가 강세"
8,쏘카,"외국인, 일주일째 '사자'…다음주 변곡점 있다 [증시프리즘]"
9,쏘카,"예쁘고 넓은 르노코리아 XM3, 여행메이트로 제격"
0,쏘카,내가 따상할 상인가? 쏘카 청약 전략 알려드림 [근면한 월급]
1,쏘카,"쏘카, IPO 기관 수요예측 흥행 실패 관측"
2,쏘카,"[주간특징주] '쎄보' 캠시스, 쏘카 공모 고평가에 35%↑"
3,쏘카,[주간증시전망] 美 인플레이션 감축법 통과 기대…미·중 갈등 고조는 하락 요...
4,쏘카,[정다희의 Game Me] '오르긴 오르는데…'
0,쏘카,경북 5곳 역서 쏘카로 여행하면 대여료 80% 할인
1,쏘카,"“공모 철회 없다”는 쏘카, 수요예측 경쟁률 저조…상장 강행할까"
2,쏘카,"하반기 IPO '가늠자' 쏘카, 수요예측 결과는? 이번주 공모청약"
3,쏘카,"출격하는 쏘카, 공모주 투심 되살릴까"
4,쏘카,K벤처 투자 열풍도 꺾이나…토스·쏘카·컬리 등 줄줄이 IPO 연기 검토
5,쏘카,"[증시캘린더]이번주(8월2주)에이치와티씨 상장, 쏘카 공모 등"
6,쏘카,기업기상도·주간 증시전망·추천종목·경제핵심 정리·눈길 가는 기사
7,쏘카,[공시줍줍]공모주달력 8월 8~12일
8,쏘카,"[DD주간브리핑] 美中 갈등 심화, 韓 경제 ‘노심초사’…윤 대통령, 이재용 부..."
9,쏘카,[영상] 영국은 벌써 탄소 절반을 줄였다? 비법이 궁금한 사람 모여라!
0,쏘카,"[단독] 수요예측 부진에…쏘카, 공모가 2.8만 원선으로 낮추나"
1,쏘카,"쏘카, 경북 KTX 역사 주변 대여료 80% 할인"
2,쏘카,7월도 IPO는 돈벌었다…8월엔 대성하이텍·쏘카 올라타볼까
3,쏘카,"이번주 공모주 청약, 쏘카·대성하이텍 등 2개사"
4,쏘카,‘쏘카’ 타고 경북여행하면 대여료 80% 할인
5,쏘카,[주린이의 공모주] 쏘카·대성하이텍 출격…투자자 선택은?
6,쏘카,"[더벨]IPO 앞둔 쏘카, 회계기준 위반 '경고'"
7,쏘카,"(영상)배부른 쏘카, 벌써 대기업 행세?…투자자에 IR북도 공개 안해"
8,쏘카,"[증권소식] 수요예측 흥행 참패 쏘카, 상장 지속할까?/""에스티큐브, 7월 가장..."
9,쏘카,[8월 둘째 주 공모주 일정] 대성하이텍·쏘카까지... 8월 둘째 주 공모주 한눈...
0,쏘카,[마켓PRO] 수요예측 흥행 실패한 쏘카…오히려 투자 기회?
1,쏘카,"[단독] 쏘카, 코스피 상장 강행…공모가 2.8만원 사실상 확정"
2,쏘카,"쏘카, 공모가 2만8천원 확정"
3,쏘카,쏘카 공모가 2만8000원 확정…상장 후 시총 1조 밑돌아
4,쏘카,희비 엇갈린 기관 수요예측… 쏘카 '울고' 대성하이텍 '웃고'
5,쏘카,"수요예측 흥행 참패 쏘카, 하반기 공모주 시장에 '찬바람'"
6,쏘카,몸값 확 낮춘 쏘카...'할인 전략' 먹힐까
7,쏘카,쏘카 공모가 2만8000원 확정…하반기 IPO 전망 '빨간불'
8,쏘카,"쏘카, 상장 강행... 공모가‧공모물량 낮춰"
9,쏘카,쏘카의 이상한 몸값 계산법
0,쏘카,"쏘카, 청약 첫날 경쟁률 3대1 수준… 증거금 424억원"
1,쏘카,"대성하이텍, 일반 청약증거금 4조원…쏘카, 첫날 경쟁률 3대1(종합)"
2,쏘카,[시그널] 쏘카의 부진…더 멀어진 마켓컬리 상장
3,쏘카,"'수요 예측 부진' 쏘카, 공모가 낮춰 코스피 데뷔한다"
4,쏘카,"SK證 ""쏘카 공모가 2만8000원 상승 여력 있다…연내 흑자전환 가능"""
5,쏘카,"쏘카 우리사주 청약 늘었다…전체 공모물량의 8%, LG엔솔이후 처음"
6,쏘카,"쏘카 공모주 일정, 공모가ㆍ수요예측ㆍ상장일ㆍ경쟁률"
7,쏘카,‘모빌리티 슈퍼 앱’ 꿈꾸는 쏘카[마켓인사이트]
8,쏘카,"'1조 밸류' 무너진 쏘카, 상장 강행 이유는 ‘모빌리티 사업 한계’"
9,쏘카,"쏘카, 공모가 2만8,000원 확정…364만 주 공모"
0,쏘카,"상장 앞둔 쏘카, 일반 청약도 참패… 경쟁률 14대 1"
1,쏘카,"우리사주 청약률 39% 그친 쏘카, 제2의 크래프톤 되나"
2,쏘카,쏘카도 이런데… 마켓컬리 상장 '불안불안'
3,쏘카,쏘카 상장…‘얻은 것’과 ‘잃은 것’
4,쏘카,"[시그널] IPO 침체에 청약 풍속도 급변…쏘카, 실권주 전부 기관에 할당"
5,쏘카,"증시침체에 IPO 줄줄이 철회… 쏘카, 몸값 1조 아래로 이달 상장"
6,쏘카,쏘카 IPO 첫날 증거금 424억 대성하이텍 이틀간 4조 몰려
7,쏘카,쏘카 박재욱 대표가 몸값을 38% 낮춰 IPO를 강행하는 이유는?
8,쏘카,한껏 낮춘 쏘카 공모가...“그래도 비싸다”는 선수들
9,쏘카,쏘카 '흥행 참패'에도...케이뱅크 '혹한기 IPO' 강행할까
0,에이치와이티씨,"에이치와이티씨, 시간외에서 강세 보여…도대체 왜?"
1,에이치와이티씨,[여의도 클라쓰] 의료용 대마 관련주 '우리바이오'ㆍ2차전지 제조장비 초정밀...
2,에이치와이티씨,"에이치와이티씨, 코스닥 입성… 2차전지 훈풍 이끈다"
3,에이치와이티씨,"쏘카 참패에도…코스닥 입성 에이치와이티씨, 상한가(종합)"
4,에이치와이티씨,"[특징주] 에이치와이티씨, 코스닥 상장 첫날 공모가 안팎 거래"
5,에이치와이티씨,[핫스탁]제노포커스·에이치와이티씨
6,에이치와이티씨,[특징주] 에이치와이티씨(HYTC) 이틀 연속 '상승세'...이유는?
7,에이치와이티씨,"[급등주]에이치와이티씨 주가, 상장일 3일 지나자 상한가 직행"
8,에이치와이티씨,"""청약 참패 기록 '쏘카'와 달라""... 에이치와이티씨 주가 미친질주 계속하나"
9,에이치와이티씨,[한경라씨로] 코스닥 신입 에이치와이티씨 장초반 강세
0,에이치와이티씨,[초대석] 조동석 에이치와이티씨 대표이사
1,에이치와이티씨,"[더벨][IPO 모니터]""에이치와이티씨, 합리적 밸류...매출편중은 리스크"""
2,에이치와이티씨,"에이치와이티, 8월 코스닥 출사표… ""글로벌 2차전지 장비 도약"""
3,에이치와이티씨,"2차전지 관련주 새빗켐 에이치와이티씨, 성일하이텍 공모주 열풍 이을까"
4,에이치와이티씨,"[시그널] 상장 눈 앞 HYTC, 공모자금 300억 모두 재투자"
5,에이치와이티씨,메트로신문-7월 22일자 한줄뉴스
6,에이치와이티씨,20兆 몰린 성일하이텍…하반기 2차전지社 IPO흥행 이을까
7,에이치와이티씨,[7월23일자] 비즈니스포스트 아침의 주요기사
0,에이치와이티씨,2차전지 IPO 투심 녹인다… 새빗켐·HYTC 등 증시 출사표 잇따라
1,에이치와이티씨,"침체된 IPO 시장서 빛난 소·부·장 존재감, 하반기에도 지속?"
2,에이치와이티씨,냉온탕 오가는 IPO 시장…흥행 키워드는 '2차전지'
0,에이치와이티씨,"새빗켐·에이치와이티씨, 이번주 공모청약…어떤 기업?"
1,에이치와이티씨,2차전지 '공모주 듀오' 출격…새빗켐·에이치와이티씨 일반청약
2,에이치와이티씨,새빗켐·에이치와이티씨 일반청약
3,에이치와이티씨,"새빗켐·에이치와이티씨, 일반 공모서 흥행할까"
4,에이치와이티씨,[공시줍줍]공모주달력 7월 25일~29일
5,에이치와이티씨,[이번 주 IPO] 7월 넷째 주 수요예측·청약 일정
6,에이치와이티씨,[증시캘린더]이번주(7월4주)성일하이텍 상장·새빗켐 공모 등
7,에이치와이티씨,LG엔솔 '물량폭탄 주의보'...카카오페이 전철 밟을까
0,에이치와이티씨,"이번주 공모주 청약, 새빗켐·에이치와이티씨 등 2개사"
1,에이치와이티씨,[7월 넷째 주 공모주 일정] 7월 넷째 주 공모주 새빗켐·에이치와이티씨 일정...
2,에이치와이티씨,[이번 주 증시 캘린더] 성일하이텍 28일 상장…증거금만 20조원
3,에이치와이티씨,"2차전지株, 얼어붙은 IPO 시장에 훈풍 불러올까"
0,에이치와이티씨,"에이치와이티씨, 공모가 최상단 1만5000원 확정"
1,에이치와이티씨,2차전지 관련주 에이치와이티씨 수요예측 흥행해 공모가 1만5천 원 확정
2,에이치와이티씨,"태광 자회사 에이치와이티씨, 유상증자 결정"
3,에이치와이티씨,"[더벨]에이치와이티씨, IPO 한파 뚫고 사세 확장 전진"
4,에이치와이티씨,"HYTC, 공모가 최상단 1만5000원…내달 9일 상장"
5,에이치와이티씨,"에이치와이티씨, 공모가 최상단 '1만5000원' 확정"
6,에이치와이티씨,"'2차전지 부품株' HYTC, IPO 흥행 성공…공모가 1만5000원 확정"
7,에이치와이티씨,"[주린이의 공모주] 2차전지 새내기주, 연이은 IPO 출사표"
8,에이치와이티씨,"에이치와이티씨, 공모가 1만5000원 확정…28~29일 일반투자자 공모청약"
9,에이치와이티씨,"2차전지 재활용 기업 새빗켐, 일반 청약 첫날 경쟁률 99대 1"
0,에이치와이티씨,"""잘 나가는 2차전지"" 에이치와이티씨, 공모가 최상단… 청약 기대감↑"
1,에이치와이티씨,"[시그널] 2차전지 공모주 흥행 질주…HYTC, 수요예측 경쟁률 1480.8 대 1"
2,에이치와이티씨,2차전지만 빛 본 7월 IPO…수요예측 경쟁률도 '극과 극' 온도차
3,에이치와이티씨,"새빗켐, 일반청약 경쟁률 1724대 1…증거금 8조750억"
4,에이치와이티씨,오늘의 증시 일정 (7월 28일)
5,에이치와이티씨,"[시그널] 현대차증권, IPO 주관사 '컴백' …""車산업 정통"""
6,에이치와이티씨,오늘의 증시 메모[7월 28일]
0,에이치와이티씨,"2차전지 IPO 에이치와이티씨, 청약 첫날 경쟁률 14대 1"
1,에이치와이티씨,"에이치와이티씨(HYTC) 공모주 일반청약 시작, 최소 청약 단위 50주"
2,에이치와이티씨,에이치와이티씨 공모주 일반청약 시작...수요예측·공모가·상장일은?
3,에이치와이티씨,"에이치와이티씨,수요예측 경쟁률 1480.78대1…공모가·청약일정은?"
4,에이치와이티씨,"[알려株5] 에이치와이티씨, 2차전지 시장 확대에 따른 성장궤도 진입"
5,에이치와이티씨,"HYTC, 29일까지 일반청약...수요예측 경쟁률·공모가·상장일·주관사는?"
6,에이치와이티씨,"성일하이텍, 공모가 대비 76% 상승…2차전지 IPO 흥행몰이(종합)"
7,에이치와이티씨,"[장외시황] 에이치와이티씨, 29일까지 공모주 청약…에스엠랩 코스닥 상장 예..."
8,에이치와이티씨,오늘의 증시 메모[7월 29일]
9,에이치와이티씨,오늘의 증시 일정 (7월 29일)
0,새빗켐,[특징주] 새빗켐 주가 상승배경 '관심' 이유는?
1,새빗켐,"""폐배터리 재활용 시장 급성장""…성일하이텍·새빗켐 '급등'"
2,새빗켐,"새빗켐, 폐배터리 재활용 시장 급성장에 주가 ‘방긋’"
3,새빗켐,[배터리주 시대②]폐배터리 새내기주도 급등
4,새빗켐,"[오늘의 급등주] 미래생명자원·풍원정밀·한탑·새빗켐·한창바이오텍, 급등..."
5,새빗켐,"새내기도 '태조이방원'…대성하이텍, 코스닥 데뷔전서 웃었다"
6,새빗켐,[특징주] 폐배터리 관련주 새빗켐 주가 3거래일 연속↑
7,새빗켐,"새빗켐, 주가 상승세…美하원, 인플레 감축법 통과"
8,새빗켐,"새빗켐, 폐배터리 재활용 생태계 구축 기대감에 '上'"
9,새빗켐,"[특징주] 새빗켐, 장중 첫 10만원선 돌파"
0,새빗켐,"박민규 새빗켐 대표 ""2차전지 순환 경제의 핵심 기업으로 도약"""
1,새빗켐,상장 앞둔 새빗켐 '글로벌 리사이클링' 기업 도약
2,새빗켐,"[7월 공모주 일정] 새빗켐, 성일하이텍 흥행 이을까...수요예측·공모가·주관..."
3,새빗켐,"[IPO] 새빗켐, 내달 상장...""성일하이텍 대비 가격 경쟁력"""
4,새빗켐,성일하이텍이 쏘아올린 공…하반기 '2차전지' 공모주 흥행 이어갈까
5,새빗켐,"현대오일뱅크 철회에도 쏘카·수산인더스트리 ""상장 추진중"""
6,새빗켐,현대오일뱅크 돌연 상장 철회...쏘카·수산인더스트리 상장일·공모가는?
7,새빗켐,신사업에 나타나는 ‘업계 1호 IPO’ 기업들…증권사들 IB 조직으로 대응
0,새빗켐,"한투, 새빗켐 '셀프 상장'…수십억 차익 내나"
1,새빗켐,"2차전지 관련주 새빗켐 에이치와이티씨, 성일하이텍 공모주 열풍 이을까"
2,새빗켐,20兆 몰린 성일하이텍…하반기 2차전지社 IPO흥행 이을까
3,새빗켐,"[더벨]""LG화학 손잡고 '10년 먹거리' 확보했다"""
4,새빗켐,[인사이드 배터리] 이제 막 시작인 폐배터리에 증권가가 호의적인 이유
5,새빗켐,기업공개 흥행 키워드 '2차전지'…내달 줄상장
6,새빗켐,"""도시 금광을 찾아서"" 약세장에 20조 몰렸다...폐배터리가 뭐길래"
7,새빗켐,[7월23일자] 비즈니스포스트 아침의 주요기사
0,새빗켐,2차전지 IPO 투심 녹인다… 새빗켐·HYTC 등 증시 출사표 잇따라
1,새빗켐,냉온탕 오가는 IPO 시장…흥행 키워드는 '2차전지'
2,새빗켐,"침체된 IPO 시장서 빛난 소·부·장 존재감, 하반기에도 지속?"
0,새빗켐,새빗켐·에이치와이티씨 일반청약
1,새빗켐,"새빗켐·에이치와이티씨, 일반 공모서 흥행할까"
2,새빗켐,"새빗켐·에이치와이티씨, 이번주 공모청약…어떤 기업?"
3,새빗켐,[증시캘린더]이번주(7월4주)성일하이텍 상장·새빗켐 공모 등
4,새빗켐,2차전지 '공모주 듀오' 출격…새빗켐·에이치와이티씨 일반청약
5,새빗켐,[공시줍줍]공모주달력 7월 25일~29일
6,새빗켐,[이번 주 IPO] 7월 넷째 주 수요예측·청약 일정
0,새빗켐,"새빗켐, 공모가 3만5000원 확정…희망밴드 최상단 초과"
1,새빗켐,"이번주 공모주 청약, 새빗켐·에이치와이티씨 등 2개사"
2,새빗켐,"새빗켐, 수요예측 흥행 성공…공모가 3만5000원 확정"
3,새빗켐,[이번 주 증시 캘린더] 성일하이텍 28일 상장…증거금만 20조원
4,새빗켐,"[유통경제 이슈] 코멕스산업, 28일까지 신세계백화점 죽전점에 팝업 행사 진행..."
5,새빗켐,"IPO 시장 '옥석' 부상한 폐배터리 재활용株, 관심 받는 비결"
6,새빗켐,"'흥행 실패' 공모주, 몸값 낮췄더니 상장 후 '훨훨'"
7,새빗켐,오늘의 증시 일정 (7월 26일)
8,새빗켐,[이슈플러스]FOMC·물량폭탄·2차전지…주간 키워드는
9,새빗켐,오늘의 증시 메모[7월 26일]
0,새빗켐,"'2차전지 관련주' 새빗켐, 수요예측 흥행… 오늘부터 일반청약"
1,새빗켐,"[증권소식] 새빗켐, 공모가 3만5000원 확정/삼성자산운용, 중퇴기금 전담운용..."
2,새빗켐,"[주린이의 공모주] 2차전지 새내기주, 연이은 IPO 출사표"
3,새빗켐,‘삼전→SKIET’ 개미心 변화…2차전지 IPO 연타석 흥행하나
4,새빗켐,"[장외시황] 새빗켐, 공모청약 시작… 지아이이노베이션 사상 최저가"
5,새빗켐,"'2차전지 부품株' HYTC, IPO 흥행 성공…공모가 1만5000원 확정"
6,새빗켐,에이치와이티씨(hytc) 일반 공모주 청약 일정·수요예측·공모가·상장일 '한...
7,새빗켐,오늘의 증시 메모[7월 27일]
8,새빗켐,오늘의 증시 일정 (7월 27일)
9,새빗켐,"[돈이 되는 뉴스] 폐배터리 전성시대, IPO 흥행이 주가 상승으로 이어질까?"
0,새빗켐,새빗켐 일반청약 경쟁률 1천724.96대 1…증거금 8조원 모여
1,새빗켐,"""대세는 2차전지 재활용""...증거금 8조 '흥행'"
2,새빗켐,"새빗켐, 일반청약 경쟁률 1724.96대 1 기록…증거금 8조750억 모여"
3,새빗켐,새빗켐 청약증거금 8조원 몰려…청약 경쟁률 1724.96대 1
4,새빗켐,"새빗켐, 공모청약 경쟁률 1,725대 1 기록…증거금 8조 넘었다"
5,새빗켐,"[시그널] 2차전지 공모주 흥행 질주…HYTC, 수요예측 경쟁률 1480.8 대 1"
6,새빗켐,"IPO기업 투자·주관한 증권사, 수익률 '천차만별'"
7,새빗켐,[마켓줌인] '20兆' 대박난 성일하이텍 따상 간다?
8,새빗켐,"'3조' 2차전지 대어 WCP, 9월로 공모 연기…시장 상황 고려"
9,새빗켐,2차전지만 빛 본 7월 IPO…수요예측 경쟁률도 '극과 극' 온도차
0,수산인더스트리,"평택시 ㈜수산인더스트리, 나눔 문화 활성화"
1,수산인더스트리,"수산인더스트리, 코스피 상장… LG엔솔 이어 올해 두번째 입성"
2,수산인더스트리,수산인더스트리 유가증권시장 상장기념식
3,수산인더스트리,"[특징주]수산인더스트리, '美 480조 기후법안' 기대감...태양광 사업 영위 '강..."
4,수산인더스트리,[주간IPO] 수산인더스트리·새빗켐·유안타스팩9호 신규상장
5,수산인더스트리,[핫스탁]아이스크림에듀·수산인더스트리·현대중공업
6,수산인더스트리,"수산인더스트리, 유가증권시장 신규상장"
7,수산인더스트리,[도전! 369] SG·유신·수산인더스트리·칩스앤미디어
8,수산인더스트리,"수산인더스트리, 코스피 상장 첫날 모습은?"
9,수산인더스트리,[특징주] 수산인더스트리 주가 장내 '훨훨' 날까
0,수산인더스트리,"다음주 공모주 시장, '최고 수요예측 경쟁률' 성일하이텍 포함 4곳 출격"
1,수산인더스트리,"서울시 상수도본부, ‘위험성평가 우수사례’ 우수상 수상"
2,수산인더스트리,"서울시 상수도사업본부, '위험성평가 우수사례 발표대회' 우수상"
3,수산인더스트리,"서울시 상수도, 정부 및 지자체 최초 '위험성평가 우수사례 발표대회' 우수상"
4,수산인더스트리,"서울시 상수도, 정부 및 지자체 최초 '위험성평가 우수사례 발표대회' 우수상"
0,수산인더스트리,다음 주 IPO는? 성일하이텍·아이씨에이치 일반 청약
1,수산인더스트리,[시그널] 코스피 6개월 공백 채울 새 상장 기업은?
2,수산인더스트리,[이번 주 IPO] 7월 셋째 주 수요예측·청약 일정
3,수산인더스트리,[공시줍줍]공모주달력 7월 18일~22일
4,수산인더스트리,공모주 열기 불지피나…이번주 수요예측·청약 기업은?
5,수산인더스트리,"성일하이텍, 18~19일 청약…에이프릴바이오 등 4곳도 '출사표'"
6,수산인더스트리,"[이번주 주요 정치·경제·사회] 새 정부 세법 개정 로드맵 발표...박진, 첫 ..."
7,수산인더스트리,[증시캘린더]이번주(7월 3주) 루닛 상장·성일하이텍 공모
8,수산인더스트리,복잡한 대내외 경제상황…할인 종목에 '주목'
0,수산인더스트리,"이번주 공모주 청약, 성일하이텍·수산인더스트리 등 4개사"
1,수산인더스트리,[7월 셋째 주 공모주 일정] 7월 셋째 주 공모주 성일하이텍·아이씨에이치·에...
2,수산인더스트리,"성일하이텍, 18~19일 공모주 청약…수산인더스트리 등 3개사도 실시"
3,수산인더스트리,"아이씨에이치, 공모가 3.4만원…수요예측 흥행 실패에 희망밴드 하단"
4,수산인더스트리,[이번 주 증시 캘린더] ‘수요 예측 경쟁률 사상 최대’ 성일하이텍 공모주 청...
5,수산인더스트리,"아이씨에이치·에이프릴바이오, 기관 수요예측 나란히 흥행 실패"
6,수산인더스트리,"'상장 임박' 에이프릴바이오·아이씨에이치, 수요예측 흥행 실패"
7,수산인더스트리,"""시장 수익률보단 낫다""…하반기 IPO시장 흐름은?"
8,수산인더스트리,조 단위 '대어'들이 온다…하반기 불붙는 IPO 시장
9,수산인더스트리,성일하이텍·새빗켐·HYTC·WCP···2차전지 공모주 축제 열릴까
0,수산인더스트리,"수산인더스트리, 수요예측 경쟁률 130대 1...공모가 3만5000원"
1,수산인더스트리,"[카드] 수산인더스트리, 공모가 3만5000원 확정"
2,수산인더스트리,[마켓인]수산인더스트리 공모가 3만5000원…희망범위 최하단
3,수산인더스트리,"수산인더스트리, 공모가 3만5000원 확정···20~21일 일반청약"
4,수산인더스트리,"수산인더스트리, 공모가 3만5000원 확정…20~21일 일반청약"
5,수산인더스트리,"수산인더스트리, 공모가 3만5000원 확정…20~21일 일반청약"
6,수산인더스트리,오늘의 증시 일정 (7월 20일)
7,수산인더스트리,성일하이텍 청약에 20조 몰려…공모 시장 반등하나
8,수산인더스트리,오늘의 증시 메모[7월 20일]
9,수산인더스트리,"""올해 IPO 78개 상장…하반기 현대오일뱅크 등 대어급 기대"""
0,수산인더스트리,"수산인더스트리, 공모가 3만5000원 확정…20~21일 일반청약"
1,수산인더스트리,"[장외시황] 수산인더스트리, 21일까지 공모주 청약…펨트론 5주 최고가"
2,수산인더스트리,[주린이의 공모주] 첨단소재·바이오신약·플랜트설비 등 IPO 몰려…투자자 선...
3,수산인더스트리,"IPO 침체기, '성일하이텍'만 살아남았다"
4,수산인더스트리,"성일하이텍 ‘20兆’ 몰렸지만, 에이프릴바이오·ICH 흥행부진"
5,수산인더스트리,IPO 시장 부활조짐? '소부장' 연일 흥행…새빗켐·WCP 주목
6,수산인더스트리,"“하반기 IPO 반등세...현대오일뱅크, 케이뱅크 등 대어 기대감”"
7,수산인더스트리,공모주 가뭄에도 '폐배터리'에 투심 모인다
8,수산인더스트리,오늘의 증시 메모[7월 21일]
9,수산인더스트리,오늘의 증시 일정 (7월 21일)
0,수산인더스트리,"현대오일뱅크 철회에도 쏘카·수산인더스트리 ""상장 추진중"""
1,수산인더스트리,현대오일뱅크 돌연 상장 철회...쏘카·수산인더스트리 상장일·공모가는?
2,수산인더스트리,‘혼돈의 IPO’ 현대오일뱅크·교보생명 낙마…쏘카·수산인더는 내달 출격
3,수산인더스트리,상장 철회·수요예측 참패…얼어붙는 IPO 시장
4,수산인더스트리,"수요예측 부진 IPO기업, 일반 청약에서도 반전 없었다"
5,수산인더스트리,"[시그널] 'IPO 3수생' 현대오일뱅크, 또 상장 철회"
6,수산인더스트리,'대어' 또 사라졌다…현대오일뱅크 상장 무산에 IPO 시장 급랭
7,수산인더스트리,현대오일뱅크 상장 철회...하반기 IPO 시장 회복 ‘미지수’
0,아이씨에이치,"아이씨에이치, 코스닥 입성… ""기술력으로 성장 증명"""
1,아이씨에이치,"[더벨][VC 투자기업]다올인베, '아이씨에이치' 엑시트 착수"
2,아이씨에이치,"[특징주]아이씨에이치, 삼성 美서 5G통신 장비 또 계약…세계최초 필름형 박막..."
3,아이씨에이치,따상 사라진 IPO…9월 분위기 반전 미지수
4,아이씨에이치,"[ET라씨로] '코스닥 입성' 아이씨에이치, 시간외매매서 강세...오늘의 시간외..."
5,아이씨에이치,[코스닥] 에치에프알‧파라다이스‧아이씨에이치‧아이센스‧헥토파이낸셜 은...
6,아이씨에이치,아이씨에이치 코스닥시장 상장기념식
7,아이씨에이치,‘흥행 참패’ 쏘카…상장 이후 반전 가능할까
8,아이씨에이치,"[특징주]아이씨에이치, 세계최초 개발 MFA '게임 체인저'…삼성전자 점유율 6..."
9,아이씨에이치,아이씨에이치 코스닥 상장 첫날 모습은?
0,아이씨에이치,"필름형 회로소재 아이씨에이치, 7월 코스닥 상장 예정"
1,아이씨에이치,"ICH ""친환경 회로소재로 '게임 체인저'로 도약할 것"""
2,아이씨에이치,[IPO 간담회] 친환경 첨단 회로소재 기업 '아이씨에이치'…소부장 특례 상장
3,아이씨에이치,"[유통경제 이슈] 손오공, 테슬라 로드스터 등 전기차 3종 핫휠카로 공개 外"
4,아이씨에이치,"[톡톡IPO] ""글로벌 소재·부품 트렌드 선도… 게임체인저 될 것"""
5,아이씨에이치,"김영훈 ICH 대표 ""IPO 통해 해외 네트워크 확장···글로벌 리더 도약"""
6,아이씨에이치,"ICH, 7월 코스닥 상장…ICT 첨단소재 '게임 체인저'로 도약"
7,아이씨에이치,"ICH ""'친환경 첨단 회로소재'로 세계 시장에 이름 알릴 것"""
8,아이씨에이치,김영훈 ICH 대표 “친환경 소재로 게임 체인저될 것”
9,아이씨에이치,"ICH, 7월 코스닥 입성…“기술뿐 아니라 실적도 뒷받침”"
0,아이씨에이치,"상장 코앞 아이씨에이치, ICT 첨단소재 '게임 체인저' 도약"
1,아이씨에이치,"[IPO] 아이씨에이치, 이달 상장...""글로벌 소재∙부품 '게임체인저' 될 것"""
2,아이씨에이치,"'수요예측 마감' 아이씨에이치, 일반 청약 앞두고 기업 분석 보니"
3,아이씨에이치,"다음주 공모주 시장, '최고 수요예측 경쟁률' 성일하이텍 포함 4곳 출격"
0,아이씨에이치,다음 주 IPO는? 성일하이텍·아이씨에이치 일반 청약
1,아이씨에이치,[공시줍줍]공모주달력 7월 18일~22일
2,아이씨에이치,[이번 주 IPO] 7월 셋째 주 수요예측·청약 일정
3,아이씨에이치,"성일하이텍, 18~19일 청약…에이프릴바이오 등 4곳도 '출사표'"
4,아이씨에이치,"[이번주 주요 정치·경제·사회] 새 정부 세법 개정 로드맵 발표...박진, 첫 ..."
5,아이씨에이치,공모주 열기 불지피나…이번주 수요예측·청약 기업은?
6,아이씨에이치,[증시캘린더]이번주(7월 3주) 루닛 상장·성일하이텍 공모
0,아이씨에이치,"아이씨에이치, 공모가 3만4000원 확정"
1,아이씨에이치,에이프릴바이오 공모가 1만6천원·아이씨에이치 3만4천원 확정
2,아이씨에이치,"[알려株5] 아이씨에이치, 친환경과 원가경쟁력 모두 확보"
3,아이씨에이치,[7월 셋째 주 공모주 일정] 7월 셋째 주 공모주 성일하이텍·아이씨에이치·에...
4,아이씨에이치,"[증권소식] 상반기 펀드 순자산 8.6조 증가/예탁원, 증권대행 홈페이지 오픈/..."
5,아이씨에이치,"ICH, 공모가 3만4000원 확정…희망밴드 최하단"
6,아이씨에이치,"[데일리픽] 폴더블, 노트북서도 통할까?...네이버·카카오 2분기 주춤"
7,아이씨에이치,"몸값 2000억 노린 공모 기업, 나란히 흥행 부진"
8,아이씨에이치,오늘의 증시 메모[7월 19일]
9,아이씨에이치,성일하이텍·새빗켐·HYTC·WCP···2차전지 공모주 축제 열릴까
0,아이씨에이치,"아이씨에이치, 수요예측 흥행 실패… 일반청약서 분위기 반전할까"
1,아이씨에이치,"오는 29일 상장 앞둔 아이씨에이치, 19~20일 일반 청약"
2,아이씨에이치,"[마켓인]아이씨에이치, 19~20일 일반 청약"
3,아이씨에이치,"아이씨에이치, 공모가 3만4000원 확정…이달 29일 상장"
4,아이씨에이치,"[장외시황] 에이프릴바이오ㆍ아이씨에이치, 20일까지 공모주 청약…야놀자 '5..."
5,아이씨에이치,오늘의 증시 메모[7월 20일]
6,아이씨에이치,못믿을 증시에…다시 되살아난 IPO 열기
7,아이씨에이치,IPO시장 성장 '착시효과'…투자심리 '양극화'
8,아이씨에이치,오늘의 증시 일정 (7월 20일)
0,아이씨에이치,"에이프릴바이오·아이씨에이치, IPO 청약 흥행 실패"
1,아이씨에이치,[7월 공모주] 아이씨에이치 일반청약 시작...수요예측·공모가·상장일은?
2,아이씨에이치,"에이프릴바이오 아이씨에이치, 기관 수요예측 이어 일반 공모청약도 흥행 실패"
3,아이씨에이치,"성일하이텍 ‘20兆’ 몰렸지만, 에이프릴바이오·ICH 흥행부진"
4,아이씨에이치,“코스닥 상장 미룰까”… 금리인상·증시 악재에 기업들 IPO 연기 고심
5,아이씨에이치,"IPO 침체기, '성일하이텍'만 살아남았다"
6,아이씨에이치,[주린이의 공모주] 첨단소재·바이오신약·플랜트설비 등 IPO 몰려…투자자 선...
7,아이씨에이치,공모주 가뭄에도 '폐배터리'에 투심 모인다
8,아이씨에이치,[WCP IPO] '구주매출·오버행'에도 흥행 낙관론 이유는
0,성일하이텍,"새내기도 '태조이방원'…대성하이텍, 코스닥 데뷔전서 웃었다"
1,성일하이텍,"[특징주] 성일하이텍(365340), 폐배터리 재활용 기술…전기차 시장 확대로 날..."
2,성일하이텍,"""폐배터리 재활용 시장 급성장""…성일하이텍·새빗켐 '급등'"
3,성일하이텍,[특징주] 폐배터리 관련주 성일하이텍 호재? 3거래일 연속 주가 상승세
4,성일하이텍,조(兆) 단위 IPO 떠난 자리 소·부·장 약진
5,성일하이텍,"[인터뷰] 공모한파 녹인 성일하이텍 대표 이강명 ""우리 기술 5년 앞섰다"""
6,성일하이텍,"[내일 장 GO&STOP] 성일하이텍 폐배터리 재활용, 2차전지 신성장 산업으로 부..."
7,성일하이텍,2차전지 활황에 폐배터리 새내기株 '활짝'
8,성일하이텍,"""성일하이텍, 폐배터리 리사이클 산업 고성장 수혜"""
9,성일하이텍,"'역대 최고 경쟁률' 성일하이텍, 코스닥 입성… '따상' 기대감↑"
0,성일하이텍,"'폐배터리 기업' 성일하이텍, 수요예측 흥행"
1,성일하이텍,"[더벨][IPO 모니터]성일하이텍 대표 “SVIC24호는 SI, 삼성SDI가 지분 가져갈..."
2,성일하이텍,"[IPO 기업분석] 폐배터리 재활용기업 성일하이텍, 시가총액 5800억원 인정받을..."
3,성일하이텍,하반기 대어급 기업 IPO 잇따라…시장 분위기 반전될까
4,성일하이텍,이달 '폐배터리' 재활용 기업 2곳 IPO 도전장…美·유럽 배터리 시장 성장세 ...
5,성일하이텍,[IPO 전망] 소부장 뜨고 바이오 진다…흥행 '양극화'
6,성일하이텍,IPO 대어 귀환 ··· 얼어붙은 시장 '꿈틀'
0,성일하이텍,[더벨]'묶여있는' LG ES 투자금 풀리나..2차전지 IPO '촉각'
0,성일하이텍,성일하이텍 수요예측 경쟁률 2269.7대 1…공모가 5만원
1,성일하이텍,"월가, 1%p 금리인상 베팅...증시 앞날은?"
2,성일하이텍,"[유통경제 이슈] 씽크라이크펫, 초복 더위에 지친 강아지를 위한 ‘보양세끼’..."
3,성일하이텍,"[증권소식] 삼성증권, 연 4%대 선순위 은행 채권 특판 진행/신한금융투자, 베..."
4,성일하이텍,"""될 놈은 된다""…하반기 IPO 키워드 `실적` [증시프리즘]"
5,성일하이텍,"성일하이텍, 공모가 5만원 확정···수요예측 경쟁률 '역대 최고'"
6,성일하이텍,"IPO 3일 뒤로 연기한 쏘카, 고평가 논란에도 공모가 유지"
7,성일하이텍,컬리·오일뱅크 등 대어 온다..IPO시장 기지개
8,성일하이텍,달라진 IPO 시장 분위기…'대어'가 다시 몰려온다
9,성일하이텍,[IPO 전망] '조 단위 대어' 쏘카·WCP 출격 빅이벤트 주목
0,성일하이텍,"'2차전지 재활용' 성일하이텍, 공모가 5만원… 기관 경쟁률 사상최고"
1,성일하이텍,성일하이텍 기관투자자 수요예측 2269.71:1…LG엔솔 넘었다
2,성일하이텍,"다음주 공모주 시장, '최고 수요예측 경쟁률' 성일하이텍 포함 4곳 출격"
3,성일하이텍,"600조 배터리 재활용시장 선점경쟁, 현대차 LG엔솔 SK에 벤처기업까지"
4,성일하이텍,[IPO 전망] 현대오일뱅크부터 컬리까지…기대주 '풍년'
5,성일하이텍,[7월16일자] 비즈니스포스트 아침의 주요기사
6,성일하이텍,"[더벨]삼성증권, 삼성벤처 투자한 TEMC 대표주관 포기했다"
0,성일하이텍,최고기록과 한자릿수 경쟁률 나온 7월 IPO 수요예측…심해지는 양극화
0,성일하이텍,다음 주 IPO는? 성일하이텍·아이씨에이치 일반 청약
1,성일하이텍,"성일하이텍, 18~19일 청약…에이프릴바이오 등 4곳도 '출사표'"
2,성일하이텍,[공시줍줍]공모주달력 7월 18일~22일
3,성일하이텍,[증시캘린더]이번주(7월 3주) 루닛 상장·성일하이텍 공모
4,성일하이텍,[이번 주 IPO] 7월 셋째 주 수요예측·청약 일정
5,성일하이텍,복잡한 대내외 경제상황…할인 종목에 '주목'
0,성일하이텍,"[주린이의 공모주] '역대 최고 경쟁률' 성일하이텍, 투자 포인트는?"
1,성일하이텍,IPO 빙하기 녹인 성일하이텍…'뜨거운' 폐배터리
2,성일하이텍,[이번 주 증시 캘린더] ‘수요 예측 경쟁률 사상 최대’ 성일하이텍 공모주 청...
3,성일하이텍,성일하이텍·새빗켐·HYTC·WCP···2차전지 공모주 축제 열릴까
4,성일하이텍,"[더벨][thebell interview]이강명 성일하이텍 대표, 폐금속에서 20조 미래 봤..."
5,성일하이텍,[오현진의 뉴스타 - 해설자들] 성일하이텍 상장 임박.. 2차전지가 코스닥 살릴...
6,성일하이텍,"""시장 수익률보단 낫다""…하반기 IPO시장 흐름은?"
7,성일하이텍,"[데일리안 오늘뉴스 종합] 주저앉아 바닥에 머리 박고 자해 ""야야 잡아!""…어..."
8,성일하이텍,"[장외시황] 성일하이텍, 19일까지 공모주 청약…퓨쳐메디신 '사상 최저가'"
9,성일하이텍,"아이씨에이치·에이프릴바이오, 기관 수요예측 나란히 흥행 실패"
0,루닛,"루닛, 유럽종양학회에서 연구초록 5편 발표"
1,루닛,"루닛, 상반기 매출 전년동기比 40억원 늘어 54억원"
2,루닛,"루닛, 유럽종양학회서 AI 바이오마커 연구초록 발표"
3,루닛,"유방암 병변 97% 잡아내는 'AI 전임의', 유럽 이어 美문턱도 넘었다 [다시 기..."
4,루닛,"[특징주] '흥행실패' 쏘카, 상장 첫날 6%대↓…시총 1조원 하회(종합)"
5,루닛,"루닛, 상반기 매출액 54억 7천8백만원…전년비 4배 증가"
6,루닛,"선바이오·알피바이오, 내달 코스닥 출격···바이오 한파 속 존재감 드러낼..."
7,루닛,수요예측 땐 흥행 실패했는데…상장 후 고공행진 새내기주는
8,루닛,[핫스탁]아스플로·루닛
9,루닛,"美에서 창업한 한국인, 日 시장 선택한 까닭 [긱스]"
0,루닛,"서범석 루닛 대표 ""AI로 의료환경 새 역사 쓰겠다"""
1,루닛,"다음주 공모주 시장 루닛 출격, 상반기 신규상장 바이오주 부진 씻을까"
2,루닛,"[제약 단신] 휴젤 보툴리눔 톡신 제제 ‘보툴렉스’, 스페인 품목허가 획득 外"
3,루닛,[제약+] 휴젤 '보툴렉스' 스페인 품목허가 획득 外
4,루닛,[소영주의 장외주식 상식투자] 증권플러스 · 서울거래소 속 '장외주식 종목'
5,루닛,"[금일 의료·제약 주요기사] SD바이오, 2조원 규모 美 체외진단 기업 인수…한..."
6,루닛,“오늘은 또 무슨 ‘테크’가…” 없는 것 빼고 다 있는 ‘테크 세상’
7,루닛,[위클리 마켓] 성일하이텍·에이프릴바이오 수요예측 돌입
8,루닛,[장외주식] 솔젠트 반등
9,루닛,"[증권소식] 현대오일뱅크-교보생명 등 IPO시장 '꿈틀'/KB증권, 신용융자 담보..."
0,루닛,[위클리 리포트 PICK] 하반기 IPO: 그래도 지구는 돈다
0,루닛,인공지능으로 암 정복 꿈꾸는 ‘루닛’ 투자 포인트
1,루닛,"AI 기업 루닛·IBKS스팩, 12~13일 일반청약"
2,루닛,"'토종 의료AI' 일본시장 제대로 먹힌다...루닛, 출시 6개월 만에 도입 병원 1..."
3,루닛,[공시줍줍]공모주달력 7월 11일~15일
4,루닛,[이번 주 IPO] 7월 둘째 주 수요예측·청약 일정
5,루닛,[증시캘린더]이번주(7월2주) 영창케미칼·이에치피에스피 상장 등
6,루닛,바이오 반전? 스팩열풍 계속? 이번주 공모주 라인업은…
7,루닛,"'2차전지부터 바이오까지' 수요예측 빅위크, 승자는? "
8,루닛,"[지난주 의료·제약 주요이슈] 셀트리온제약 '고덱스캡슐' 급여 적정성 ""이의..."
0,루닛,"AI 의료 기업 루닛, 21일 기술특례 상장 예정…12~13일 일반 청약"
1,루닛,"루닛, 유럽영상의학회서 연구초록 5편 발표"
2,루닛,[7월 둘째 주 공모주 일정] 7월 둘째주 공모주 루닛·성일하이텍까지 7월 둘째...
3,루닛,"[제약+] 삼성바이오로직스, '지속 가능한 CDMO' 도약 선언 外"
4,루닛,4社 상장 맡아 12조8000억 끌어모았다...KB증권 'IPO 강자'
5,루닛,오일뱅크·쏘카·케이뱅크…하반기 IPO 대어의 귀환
6,루닛,"[더벨]오톰, 내년 하반기 코스닥 상장 추진"
7,루닛,오늘의 증시 메모[7월 12일]
8,루닛,오늘의 증시 일정 (7월 12일)
9,루닛,"[장외시황] 케이피티, 코스닥 상장 예비심사 청구… 현대삼호중공업 5주 '최저..."
0,루닛,"[주린이의 공모주] 몸값 확 낮춘 루닛, 기술·가격 경쟁력으로 투자자 유혹"
1,루닛,"세계에서 인정받는 국내 의료 인공지능 기업, 'ECR 2022'에서 영상의학 연구·..."
2,루닛,올 하반기도 바이오 IPO 줄줄이…적정 공모가 산정 관건
3,루닛,[IPO 전망] 소부장 뜨고 바이오 진다…흥행 '양극화'
4,루닛,"동국제약 ""지주사 전환 아닌 동국생명과학 상장"""
5,루닛,하반기 대어급 기업 IPO 잇따라…시장 분위기 반전될까
6,루닛,"연이은 흥행 실패에 드러난 바이오 투심, 후발 바이오 IPO 어쩌나"
7,루닛,"[장외시황] 루닛, 13일까지 공모주 청약 진행…호가 21% 급락"
8,루닛,오늘의 증시 일정 (7월 13일)
9,루닛,IPO 대어 귀환 ··· 얼어붙은 시장 '꿈틀'
0,루닛,AI 등 제약·바이오 미래 산업도 투자자 외면 '암흑기'
1,루닛,세계 최대 영상의학회 개봉박두…혁신 기업들 총 출동
2,루닛,"증권플러스 비상장, 주식 거래 요건 강화"
3,루닛,"에이프릴바이오, 이달 코스닥 입성…""독자신약 개발"""
4,루닛,"증권플러스 비상장, 비상장 거래 플랫폼 투자자별 유의사항 안내"
5,루닛,"증권플러스 비상장, 일반투자자와 전문투자자 대상 거래 가능 종목 안내"
6,루닛,"[더벨]IPO 신중 모드, 기술성 평가 효력 만료도 감내"
7,루닛,"[증권소식] 회사채·CP 매입 프로그램 내년 3월까지 연장/NH투자증권, 투자업..."
8,루닛,"케이뱅크, 혹한기 IPO '승부수'...10조? 6조? 적정 몸값은"
9,루닛,"[장외시황] 에이프릴바이오, 수요예측 진행…테토스 코스닥 상장 예비심사 청..."
0,루닛,"의료AI기업 루닛, 일반청약 흥행 실패...경쟁률 9대 1"
1,루닛,"재수생 에이프릴바이오, 공모가 고평가·오버행 부담 ‘이중고’"
2,루닛,컬리·오일뱅크 등 대어 온다..IPO시장 기지개
3,루닛,"NIPA, `디지털 비즈니스 규제개선 포럼` 출범"
4,루닛,"월가, 1%p 금리인상 베팅...증시 앞날은?"
5,루닛,"""될 놈은 된다""…하반기 IPO 키워드 `실적` [증시프리즘]"
6,루닛,달라진 IPO 시장 분위기…'대어'가 다시 몰려온다
7,루닛,"NIPA, 디지털 비즈니스 규제개선 포럼 출범"
8,루닛,"""디지털 헬스케어 경쟁력...의료기관과 협업?M&A?시니어타운 활용 플랫폼 개발..."
9,루닛,"IPO 3일 뒤로 연기한 쏘카, 고평가 논란에도 공모가 유지"
0,에이치피에스피,"[특징주] ""15일 상장"" HPSP(에이치피에스피) 주가·거래량 현 시황은?"
1,에이치피에스피,"한국거래소, 에이치피에스피 코스닥 신규상장 승인"
2,에이치피에스피,[주간IPO] 영창케미칼·대신스팩12호·에이치피에스피 신규상장
3,에이치피에스피,"신규공모 시장 되살아나나...에이치피에스피 경쟁률 1159대1, 증거금 10.9조 ..."
4,에이치피에스피,"[마켓인]증거금 10조 뭉칫돈…에이치피에스피, 경쟁률 1159대 1"
5,에이치피에스피,"에이치피에스피, 기술력 내세워 수요예측 흥행… 일반청약도 통할까"
6,에이치피에스피,"에이치피에스피, 공모가 2만5000원 확정…경쟁률 1511대 1"
7,에이치피에스피,"이번주 공모주 청약, 영창케미칼·에이치피에스피 2개사"
8,에이치피에스피,"“에이치피에스피, 반도체 경기와 무관하게 고성장 중”"
9,에이치피에스피,"'반도체 공정' 에이치피에스피, 수요예측… 7월 코스닥 입성"
0,에이치피에스피,"“에이치피에스피, 반도체 경기와 무관하게 고성장 중”"
1,에이치피에스피,"반도체 기술력 내세운 HSPS, 시장 추락에도 IPO 흥행 ‘찜’"
2,에이치피에스피,"[더벨][IPO 모니터]수요예측 앞둔 HPSP, 파격 할인에 투자자들 '러브콜'"
3,에이치피에스피,[오늘의 증시] 공구우먼ㆍ일진하이솔루스ㆍ에디슨INNO 등
0,에이치피에스피,"반도체 종목 '공모주 흥행' 되살릴까, 다음주 영창케미칼 HPSP 기대"
0,에이치피에스피,[7월 공모주 일정] 영창케미칼·에이치피에스피·루닛·성일하이텍
1,에이치피에스피,[IPO캘린더] 현대오일뱅크 상장예심 통과...7월 IPO시장 활기 기대감
0,에이치피에스피,"이번주 눈여겨볼 공모주는? 루닛 수요예측, 영창케미칼·HPSP 청약"
1,에이치피에스피,[공시줍줍]공모주달력 7월 4일~8일
2,에이치피에스피,[이번 주 IPO] 7월 첫째 주 수요예측·청약 일정
3,에이치피에스피,[증시캘린더]이번주(7월1주) 코난테크놀로지 상장·영창케미칼 공모
4,에이치피에스피,"영창케미칼·HPSP, 일반 청약 받는다"
5,에이치피에스피,"'소재·부품·장비' 공모, 7월에도 흥행 이어가나…IPO 10건 출격 준비"
6,에이치피에스피,먹구름 자욱한 증시…삼성전자 '6만전자' 멀어지나
0,에이치피에스피,"이번주 공모주 청약, 영창케미칼·에이치피에스피 2개사"
1,에이치피에스피,"[주린이의 공모주] 영창케미칼·에이치피에스피, 공모 실시…화학소재·반도체..."
2,에이치피에스피,[이번주 증시 캘린더] 코난테크놀로지 상장…영창케미칼·에이치피에스피 공모
3,에이치피에스피,[IPO워치] '소부장' 흥행 열기 이어갈까…코스닥 상장 도전장 '후끈'
0,에이치피에스피,"6~7일 공모 에이치피에스피, 공모가 2만5000원 확정"
1,에이치피에스피,"[N2 증시 풍향계] 에이치피에스피, 공모가 '2만5000원' 확정…코로나19 재유행..."
2,에이치피에스피,[7월 첫째 주 공모주 일정] 7월 첫째주 공모주 영창케미칼·에이치피에스피·...
3,에이치피에스피,"에이치피에스피, 공모가 2만5000원 확정…경쟁률 1511대 1"
4,에이치피에스피,"15일 코스닥 상장 HPSP, 공모가 2만5000원 확정"
5,에이치피에스피,"반도체 공정업체 HPSP, 공모가 2만5천원 확정…6∼7일 청약"
6,에이치피에스피,"HPSP, 공모가 2만5000원…IPO 흥행 기대감 '솔솔'"
7,에이치피에스피,오늘의 증시 메모[7월 6일]
8,에이치피에스피,[장외주식] 솔젠트 이틀 연속 상승
9,에이치피에스피,오늘의 증시 일정 (7월 6일)
0,에이치피에스피,"에이치피에스피, 기술력 내세워 수요예측 흥행… 일반청약도 통할까"
1,에이치피에스피,"에이치피에스피, 일반 청약 시작…15일 코스닥 상장"
2,에이치피에스피,[7월 공모주 일정] 에이치피에스피 청약 시작...수요예측·공모가·상장일은?
3,에이치피에스피,"""오늘부터 에이치피에스피 이틀간 공모주 청약"" 기업분석은?"
4,에이치피에스피,"[공모주] 반도체 관련 에이치피에스피 6, 7일 청약…15일 상장"
5,에이치피에스피,"반도체 전공정 장비업체 HPSP, 일반 청약 첫날 경쟁률 37대 1"
6,에이치피에스피,"[장외시황] 에이치피에스피, 7일까지 공모주 청약 진행…노바셀테크놀로지 사..."
7,에이치피에스피,IPO 시장 볕드나…코스닥 '소부장'이 뜬다
8,에이치피에스피,오늘의 증시 메모[7월 7일]
9,에이치피에스피,오늘의 증시 일정 (7월 7일)
0,영창케미칼,[특징주]영창케미칼 2분기 호실적에 강세
1,영창케미칼,"영창케미칼, 2분기 매출 205억3400만원…전년比 32.3%↑"
2,영창케미칼,"영창케미칼 ""주요 고객사 신제품 개발…매출 확대 기대"""
3,영창케미칼,하반기 상장 종목 강세...에이치와이티씨 24.84%↑ 영창케미칼 8.66%↑
4,영창케미칼,[오늘의 케미칼] 코오롱인더스트리·영창케미칼·포스코케미칼
5,영창케미칼,"영창케미칼, 국내 최초 극자외선 반도체 공정 린스 개발…주가 오름세"
6,영창케미칼,"[특징주] 영창케미칼 주가, 상승 배경은?"
7,영창케미칼,수요예측 참패는 기회?…수요예측 부진 기업 '반전 주가'
8,영창케미칼,IPO 한파 여전...7월 상장 기업들 시초가 대비 11.4% 빠졌다
9,영창케미칼,"[더벨]'코스닥 입성' 영창케미칼, 야심작 'EUV 린스' 화력은"
0,영창케미칼,"“영창케미칼, EUV Rinse 포토레지스트 의 지속 성장 전망”"
1,영창케미칼,"영창케미칼, 반도체 업종 중 성장 기대주 - FS리서치"
2,영창케미칼,[시그널] 반도체 장비부터 로봇 제어까지…'소부장' 기업 IPO 러쉬
0,영창케미칼,"7월 IPO 시장, 청약 열기 뜨거운 소부장·인공지능 ‘입성’ [IPO 프리보드]"
1,영창케미칼,바이오·플랫폼 떠난 IPO시장··· '소부장' 기업이 채운다
0,영창케미칼,"영창케미칼, 공모가 1만8천600원 확정"
1,영창케미칼,"영창케미칼, 공모가 상단 1만8600원에 결정"
2,영창케미칼,"영창케미칼, IPO 흥행 '청신호'…공모가 1만8600원"
3,영창케미칼,"영창케미칼, 공모가 상단 1만8600원 확정"
4,영창케미칼,"영창케미칼, 공모가 상단 1만8600원 확정… 1616대 1 경쟁률 기록"
5,영창케미칼,"영창케미칼, 공모가 상단 1만8600원 확정… 1616대 1 경쟁률 기록"
6,영창케미칼,"영창케미칼, 공모가 상단 1만8600원...경쟁률 1616대 1"
7,영창케미칼,"[더벨]'수요예측 흥행' 영창케미칼, 공모가 상단 1만8600원"
8,영창케미칼,"영창케미칼, 7월 상장…공모가 상단 1만8,600원 확정"
9,영창케미칼,"영창케미칼, 공모가 상단 1만8600원 확정…1616대 1 경쟁률 기록"
0,영창케미칼,"IPO 시장 찬바람에도… 영창케미칼, 공모가 상단 1만8600원 확정"
1,영창케미칼,"[시그널] 영창케미칼, 수요예측 경쟁률 1616 대 1 '흥행'"
2,영창케미칼,"영창케미칼, 공모가 1만8600원 확정…1616대 1 경쟁률 기록"
3,영창케미칼,"반도체 종목 '공모주 흥행' 되살릴까, 다음주 영창케미칼 HPSP 기대"
4,영창케미칼,7월 공모주 뭘 담을까…반도체 ‘소부장’ 온다
5,영창케미칼,"[위클리 마켓] 루닛·성일하이텍, IPO 수요예측 돌입"
6,영창케미칼,7월1일 정치경제뉴스 브리핑
7,영창케미칼,[7월2일자] 비즈니스포스트 아침의 주요기사
0,영창케미칼,[7월 공모주 일정] 영창케미칼·에이치피에스피·루닛·성일하이텍
1,영창케미칼,[IPO캘린더] 현대오일뱅크 상장예심 통과...7월 IPO시장 활기 기대감
0,영창케미칼,"영창케미칼·HPSP, 일반 청약 받는다"
1,영창케미칼,"이번주 눈여겨볼 공모주는? 루닛 수요예측, 영창케미칼·HPSP 청약"
2,영창케미칼,"영창케미칼, EUV 린스 국산화로 ‘독점’ 독일 머크에 도전장"
3,영창케미칼,먹구름 자욱한 증시…삼성전자 '6만전자' 멀어지나
4,영창케미칼,[증시캘린더]이번주(7월1주) 코난테크놀로지 상장·영창케미칼 공모
5,영창케미칼,[이번 주 IPO] 7월 첫째 주 수요예측·청약 일정
6,영창케미칼,"'소재·부품·장비' 공모, 7월에도 흥행 이어가나…IPO 10건 출격 준비"
7,영창케미칼,[공시줍줍]공모주달력 7월 4일~8일
0,영창케미칼,"'수요예측 흥행' 영창케미칼, 공모주 청약… 소부장 열기 이어갈까"
1,영창케미칼,"[주린이의 공모주] 영창케미칼·에이치피에스피, 공모 실시…화학소재·반도체..."
2,영창케미칼,"이성일 영창케미칼 대표, 동탑산업훈장 수상"
3,영창케미칼,[이번주 증시 캘린더] 코난테크놀로지 상장…영창케미칼·에이치피에스피 공모
4,영창케미칼,[IB토마토]하반기 IPO시장 볕 드나…2차전지·첨단소재 기업 출격
5,영창케미칼,[IPO워치] '소부장' 흥행 열기 이어갈까…코스닥 상장 도전장 '후끈'
6,영창케미칼,"[장외시황] 영창케미칼, 4~5일 공모 청약…노바셀테크놀로지 조정 지속"
7,영창케미칼,신상병 원엔지니어링 대표 등 22명 산재예방 유공 포상
8,영창케미칼,"신상병 원엔지니어링 대표이사, 산재예방 공로로 은탑산업훈장 수상"
9,영창케미칼,오늘의 증시 일정 (7월 5일)
0,넥스트칩,"넥스트칩, ""차세대 운전자보조시스템 SoC '아파치6' 주력"""
1,넥스트칩,"앤씨앤, 2분기 연결기준 매출액 239억 기록"
2,넥스트칩,조(兆) 단위 IPO 떠난 자리 소·부·장 약진
3,넥스트칩,"[특징주] 넥스트칩, 기관·외인 연속 '사자'에 거래량 급증...주가 10%↑"
4,넥스트칩,따상 사라진 IPO…9월 분위기 반전 미지수
5,넥스트칩,시장 한파에…성장기업 'IPO 자금조달' 급감
6,넥스트칩,소부장 주가 공모가 대비 70% 이상 뛰는데…쏘카는 수요예측 흥행 실패
7,넥스트칩,하반기 상장 종목 강세...에이치와이티씨 24.84%↑ 영창케미칼 8.66%↑
8,넥스트칩,"[코스닥시장 월간동향] 개인투자자, 지난달 넥스트칩 순매수 1위"
9,넥스트칩,수요예측 참패는 기회?…수요예측 부진 기업 '반전 주가'
0,넥스트칩,"레이저쎌 위니아에이드 흥행에 공모주시장 훈훈, 다음주 넥스트칩 기대"
1,넥스트칩,[시그널] '블랙 프라이데이'에 범한퓨얼셀 20% 급등
2,넥스트칩,[6월18일자] 비즈니스포스트 아침의 주요기사
0,넥스트칩,[6월 공모주] 보로노이·위니아에이드·레이저쎌·넥스트칩 공모가·상장일·...
0,넥스트칩,"차량용 반도체 개발사 넥스트칩, 자율 주행차 시대 성장 기대"
1,넥스트칩,"'車 반도체' 넥스트칩, 21~22일 일반청약…삼성스팩6호도 출사표"
2,넥스트칩,[공시줍줍]공모주달력 6월 20일~24일
3,넥스트칩,[이번 주 IPO] 6월 넷째 주 수요예측·청약 일정
4,넥스트칩,[증시캘린더]이번주(6월 4주) 비플라이소프트·보로노이 상장 등
0,넥스트칩,"넥스트칩, 공모가 최상단 초과한 1만3000원 확정"
1,넥스트칩,이번주 공모주 청약...넥스트칩·삼성스팩6호 등 2개사
2,넥스트칩,"[속보]넥스트칩 공모주 청약 일정, 공모가·상장일·경쟁률 '한 눈에'"
3,넥스트칩,[이번주 증시 캘린더] 6조 '뭉칫돈' 레이저쎌 신규 상장…넥스트칩 청약 돌입
4,넥스트칩,[6월 공모주 일정] 넥스트칩 공모가 확정 앞두고 수요예측 '재조명'
5,넥스트칩,[6월 공모주 일정] 넥스트칩 21~22일 청약 시작...공모가·상장일·주관사는?
6,넥스트칩,"넥스트칩, 공모가 1만3,000원 확정…일반 투자자 21일부터 청약"
7,넥스트칩,"""대만 반도체 산업 '국가 안보'로 육성…TSMC의 성장 비결"""
8,넥스트칩,오늘의 증시 메모[6월 21일]
9,넥스트칩,"[더벨]엘엑스운용, 일임업 진출…공모주 시장 겨냥"
0,넥스트칩,"넥스트칩, 공모주 청약 시작… 자율주행차 영상인식 반도체 기술 '주목'"
1,넥스트칩,[시그널] 넥스트칩 '소부장+실적' IPO 흥행 공식 통했다
2,넥스트칩,"[특징주]앤씨앤, 물적분할한 넥스트칩 수요예측 흥행에 강세"
3,넥스트칩,"[알려株5] 넥스트칩, 차량용 카메라 관련 SoC 업체"
4,넥스트칩,"[증권소식] 코람코, 강남역 '에이플러스에셋타워' 매입/넥스트칩, 공모가 최상..."
5,넥스트칩,오늘의 증시 일정 (6월 22일)
6,넥스트칩,"전문가도 손놓은 증시…""그래도 피난처 있다"" [증시프리즘]"
7,넥스트칩,"[주린이의 공모주] ""자동차의 눈 책임진다""…기관이 앞다퉈 사려했던 그 기업..."
8,넥스트칩,"[리턴즈 고래 삼총사] 연저점 또 깨진 증시, 고래 방어 전략 공개!"
9,넥스트칩,"[장외시황] 넥스트칩, 공모주 청약 진행…현대오일뱅크 5주 최고가"
0,넥스트칩,"[시그널] 넥스트칩, 청약 경쟁률 1700대 1…'소부장 공모주' 흥행 지속"
1,넥스트칩,"넥스트칩, IPO 흥행…청약 경쟁률 3455대 1"
2,넥스트칩,"[IPO 기업분석]자율주행차 수혜주 넥스트칩, 일반청약도 흥행 성공할까"
3,넥스트칩,"넥스트칩, 공모 청약 경쟁률 1728대 1…증거금 7.3조 몰려"
4,넥스트칩,"넥스트칩 공모주 일반청약 경쟁률 1700대 1도 넘어, 증거금 7조 몰려"
5,넥스트칩,"[마켓인]넥스트칩, 청약 경쟁률 3455대 1…증거금 7조 몰려"
6,넥스트칩,'물적분할 후 상장' 넥스트칩 IPO도 흥행···쪼개기 꼼수 논란은 '꼬리표'
7,넥스트칩,"넥스트칩, 일반청약 첫날 증거금 3069억... 수요예측·경쟁률은?"
8,넥스트칩,몸값 낮추고 물량 다이어트까지...예비 상장사들 '투심 잡기' 총력
9,넥스트칩,미래모빌리티·자율주행차 기술 논의의 장 마련
0,넥스트칩,"'강한 소부장?'...넥스트칩, 일반 청약 경쟁률 1727대 1 흥행"
1,넥스트칩,"넥스트칩, 일반 청약 경쟁률 3455대1 기록…증거금 7조 몰려"
2,넥스트칩,"[증권소식] 넥스트칩, 일반청약 증거금 7조2994억…경쟁률 1727대 1/삼정KPMG..."
3,넥스트칩,"HPSP, 반도체 관련 '소부장' IPO 흥행 행렬 잇는다"
4,넥스트칩,2000 : 1 넘나드는 소부장 `청약`... 20곳 IPO `노크` [IPO 프리보드]
5,넥스트칩,"[투자의窓] 7조 끌어모았던 범한퓨얼셀 4거래일만에 공모가 깨져, 내달 1일 상..."
6,넥스트칩,"[더벨]하나금융 도곡WM, 자율주행 비상장사에 '꽂혔다'"
7,넥스트칩,"[리턴즈 고래 삼총사] 고래 기법 실전 매매, 상승 3 · 5 · 7박자 조건은?"
8,넥스트칩,청약 흥행에도 불구...'위니아에이드' 상장 첫날 폭락
9,넥스트칩,올해 특례상장 새내기주 과반 약세…소부장만 약진
